#timestamp [ns],filename
1636273818009947572,1636273818009947572.png
1636273818078968281,1636273818078968281.png
1636273818123969656,1636273818123969656.png
1636273818190966661,1636273818190966661.png
1636273818257973039,1636273818257973039.png
1636273818325010622,1636273818325010622.png
1636273818390974112,1636273818390974112.png
1636273818456942831,1636273818456942831.png
1636273818524940956,1636273818524940956.png
1636273818589977081,1636273818589977081.png
1636273818659017086,1636273818659017086.png
1636273818724949409,1636273818724949409.png
1636273818791967183,1636273818791967183.png
1636273818856969704,1636273818856969704.png
1636273818924947134,1636273818924947134.png
1636273818991951656,1636273818991951656.png
1636273819058004938,1636273819058004938.png
1636273819126944459,1636273819126944459.png
1636273819193947562,1636273819193947562.png
1636273819257948570,1636273819257948570.png
1636273819323952125,1636273819323952125.png
1636273819389981272,1636273819389981272.png
1636273819457973536,1636273819457973536.png
1636273819527983878,1636273819527983878.png
1636273819593950283,1636273819593950283.png
1636273819659951580,1636273819659951580.png
1636273819726951386,1636273819726951386.png
1636273819791969933,1636273819791969933.png
1636273819861951945,1636273819861951945.png
1636273819927980892,1636273819927980892.png
1636273819993953487,1636273819993953487.png
1636273820060957267,1636273820060957267.png
1636273820125985342,1636273820125985342.png
1636273820193976402,1636273820193976402.png
1636273820264976242,1636273820264976242.png
1636273820330975628,1636273820330975628.png
1636273820393954555,1636273820393954555.png
1636273820458986113,1636273820458986113.png
1636273820525951809,1636273820525951809.png
1636273820593955861,1636273820593955861.png
1636273820659954911,1636273820659954911.png
1636273820731992721,1636273820731992721.png
1636273820797032004,1636273820797032004.png
1636273820862990428,1636273820862990428.png
1636273820926956391,1636273820926956391.png
1636273820995988510,1636273820995988510.png
1636273821061982765,1636273821061982765.png
1636273821125962930,1636273821125962930.png
1636273821197959754,1636273821197959754.png
1636273821264013761,1636273821264013761.png
1636273821328961936,1636273821328961936.png
1636273821396987243,1636273821396987243.png
1636273821462956504,1636273821462956504.png
1636273821528964233,1636273821528964233.png
1636273821596965351,1636273821596965351.png
1636273821663991748,1636273821663991748.png
1636273821729996411,1636273821729996411.png
1636273821795983851,1636273821795983851.png
1636273821861962414,1636273821861962414.png
1636273821931970028,1636273821931970028.png
1636273821995987176,1636273821995987176.png
1636273822062991156,1636273822062991156.png
1636273822131968827,1636273822131968827.png
1636273822197971877,1636273822197971877.png
1636273822262968941,1636273822262968941.png
1636273822328963593,1636273822328963593.png
1636273822395967742,1636273822395967742.png
1636273822464968706,1636273822464968706.png
1636273822528966080,1636273822528966080.png
1636273822600000225,1636273822600000225.png
1636273822666002499,1636273822666002499.png
1636273822730990809,1636273822730990809.png
1636273822796995611,1636273822796995611.png
1636273822861969444,1636273822861969444.png
1636273822935968071,1636273822935968071.png
1636273822999973648,1636273822999973648.png
1636273823066007441,1636273823066007441.png
1636273823132033014,1636273823132033014.png
1636273823200999988,1636273823200999988.png
1636273823265967620,1636273823265967620.png
1636273823332995425,1636273823332995425.png
1636273823398968203,1636273823398968203.png
1636273823468977720,1636273823468977720.png
1636273823532002872,1636273823532002872.png
1636273823601976844,1636273823601976844.png
1636273823664974473,1636273823664974473.png
1636273823734967251,1636273823734967251.png
1636273823798973909,1636273823798973909.png
1636273823864976551,1636273823864976551.png
1636273823932015558,1636273823932015558.png
1636273824000973940,1636273824000973940.png
1636273824069054786,1636273824069054786.png
1636273824135006237,1636273824135006237.png
1636273824201976033,1636273824201976033.png
1636273824264973279,1636273824264973279.png
1636273824333973949,1636273824333973949.png
1636273824399974124,1636273824399974124.png
1636273824469001277,1636273824469001277.png
1636273824531012073,1636273824531012073.png
1636273824601971392,1636273824601971392.png
1636273824668978830,1636273824668978830.png
1636273824733977261,1636273824733977261.png
1636273824800027583,1636273824800027583.png
1636273824868028360,1636273824868028360.png
1636273824934975863,1636273824934975863.png
1636273825000982106,1636273825000982106.png
1636273825069982060,1636273825069982060.png
1636273825136978551,1636273825136978551.png
1636273825203981126,1636273825203981126.png
1636273825269980329,1636273825269980329.png
1636273825336978115,1636273825336978115.png
1636273825400981187,1636273825400981187.png
1636273825469977691,1636273825469977691.png
1636273825534026531,1636273825534026531.png
1636273825603060256,1636273825603060256.png
1636273825670982675,1636273825670982675.png
1636273825739984028,1636273825739984028.png
1636273825805067550,1636273825805067550.png
1636273825868985301,1636273825868985301.png
1636273825935997468,1636273825935997468.png
1636273826004983414,1636273826004983414.png
1636273826070054642,1636273826070054642.png
1636273826137034895,1636273826137034895.png
1636273826203987238,1636273826203987238.png
1636273826269979740,1636273826269979740.png
1636273826336983529,1636273826336983529.png
1636273826401984373,1636273826401984373.png
1636273826469042801,1636273826469042801.png
1636273826539987954,1636273826539987954.png
1636273826606983135,1636273826606983135.png
1636273826670112806,1636273826670112806.png
1636273826740014172,1636273826740014172.png
1636273826805989530,1636273826805989530.png
1636273826873989307,1636273826873989307.png
1636273826940989633,1636273826940989633.png
1636273827008059717,1636273827008059717.png
1636273827070024507,1636273827070024507.png
1636273827138998978,1636273827138998978.png
1636273827207986810,1636273827207986810.png
1636273827273063337,1636273827273063337.png
1636273827339987476,1636273827339987476.png
1636273827406988647,1636273827406988647.png
1636273827473992910,1636273827473992910.png
1636273827539007172,1636273827539007172.png
1636273827605996655,1636273827605996655.png
1636273827672993536,1636273827672993536.png
1636273827739001320,1636273827739001320.png
1636273827807017561,1636273827807017561.png
1636273827872993727,1636273827872993727.png
1636273827939997229,1636273827939997229.png
1636273828005998122,1636273828005998122.png
1636273828075004651,1636273828075004651.png
1636273828142025932,1636273828142025932.png
1636273828208997592,1636273828208997592.png
1636273828274994090,1636273828274994090.png
1636273828341016921,1636273828341016921.png
1636273828406025954,1636273828406025954.png
1636273828475026310,1636273828475026310.png
1636273828542033482,1636273828542033482.png
1636273828607994056,1636273828607994056.png
1636273828677028473,1636273828677028473.png
1636273828737997079,1636273828737997079.png
1636273828809994575,1636273828809994575.png
1636273828877997225,1636273828877997225.png
1636273828941998419,1636273828941998419.png
1636273829011004998,1636273829011004998.png
1636273829076004465,1636273829076004465.png
1636273829142996659,1636273829142996659.png
1636273829208021934,1636273829208021934.png
1636273829276122709,1636273829276122709.png
1636273829342002221,1636273829342002221.png
1636273829408998975,1636273829408998975.png
1636273829478000235,1636273829478000235.png
1636273829541023653,1636273829541023653.png
1636273829609032171,1636273829609032171.png
1636273829680008407,1636273829680008407.png
1636273829742031978,1636273829742031978.png
1636273829808049485,1636273829808049485.png
1636273829877000210,1636273829877000210.png
1636273829948016178,1636273829948016178.png
1636273830011002519,1636273830011002519.png
1636273830078032138,1636273830078032138.png
1636273830144004041,1636273830144004041.png
1636273830210035928,1636273830210035928.png
1636273830278051147,1636273830278051147.png
1636273830348084753,1636273830348084753.png
1636273830415003909,1636273830415003909.png
1636273830479046006,1636273830479046006.png
1636273830545005104,1636273830545005104.png
1636273830612004889,1636273830612004889.png
1636273830681004721,1636273830681004721.png
1636273830745030998,1636273830745030998.png
1636273830816003641,1636273830816003641.png
1636273830880006211,1636273830880006211.png
1636273830945034587,1636273830945034587.png
1636273831011027984,1636273831011027984.png
1636273831078006554,1636273831078006554.png
1636273831148037349,1636273831148037349.png
1636273831211007621,1636273831211007621.png
1636273831279010139,1636273831279010139.png
1636273831347048825,1636273831347048825.png
1636273831415006938,1636273831415006938.png
1636273831477040889,1636273831477040889.png
1636273831550014139,1636273831550014139.png
1636273831615055412,1636273831615055412.png
1636273831680014826,1636273831680014826.png
1636273831748040627,1636273831748040627.png
1636273831814037005,1636273831814037005.png
1636273831880015199,1636273831880015199.png
1636273831947008358,1636273831947008358.png
1636273832017014094,1636273832017014094.png
1636273832081035954,1636273832081035954.png
1636273832145010341,1636273832145010341.png
1636273832214010898,1636273832214010898.png
1636273832278017444,1636273832278017444.png
1636273832347089894,1636273832347089894.png
1636273832413013730,1636273832413013730.png
1636273832480013107,1636273832480013107.png
1636273832547013951,1636273832547013951.png
1636273832613065937,1636273832613065937.png
1636273832680040351,1636273832680040351.png
1636273832748047218,1636273832748047218.png
1636273832813015769,1636273832813015769.png
1636273832882014963,1636273832882014963.png
1636273832948052758,1636273832948052758.png
1636273833015025870,1636273833015025870.png
1636273833084046558,1636273833084046558.png
1636273833146073814,1636273833146073814.png
1636273833214050051,1636273833214050051.png
1636273833282015592,1636273833282015592.png
1636273833350052908,1636273833350052908.png
1636273833417046947,1636273833417046947.png
1636273833483077448,1636273833483077448.png
1636273833545017003,1636273833545017003.png
1636273833615043178,1636273833615043178.png
1636273833682053224,1636273833682053224.png
1636273833749052352,1636273833749052352.png
1636273833818056469,1636273833818056469.png
1636273833883020179,1636273833883020179.png
1636273833949025887,1636273833949025887.png
1636273834018023964,1636273834018023964.png
1636273834084054307,1636273834084054307.png
1636273834148019315,1636273834148019315.png
1636273834216023051,1636273834216023051.png
1636273834284021230,1636273834284021230.png
1636273834353056562,1636273834353056562.png
1636273834420020224,1636273834420020224.png
1636273834484022982,1636273834484022982.png
1636273834551021000,1636273834551021000.png
1636273834617029819,1636273834617029819.png
1636273834686053275,1636273834686053275.png
1636273834751055879,1636273834751055879.png
1636273834818024218,1636273834818024218.png
1636273834886051617,1636273834886051617.png
1636273834952027511,1636273834952027511.png
1636273835017027210,1636273835017027210.png
1636273835084024655,1636273835084024655.png
1636273835152027627,1636273835152027627.png
1636273835219062319,1636273835219062319.png
1636273835287033526,1636273835287033526.png
1636273835352025851,1636273835352025851.png
1636273835420054065,1636273835420054065.png
1636273835487061127,1636273835487061127.png
1636273835555028953,1636273835555028953.png
1636273835620037770,1636273835620037770.png
1636273835683058779,1636273835683058779.png
1636273835754066229,1636273835754066229.png
1636273835822033783,1636273835822033783.png
1636273835889036032,1636273835889036032.png
1636273835954027885,1636273835954027885.png
1636273836022034508,1636273836022034508.png
1636273836089030561,1636273836089030561.png
1636273836158059036,1636273836158059036.png
1636273836221032378,1636273836221032378.png
1636273836288035376,1636273836288035376.png
1636273836355030210,1636273836355030210.png
1636273836421037803,1636273836421037803.png
1636273836488031704,1636273836488031704.png
1636273836555035639,1636273836555035639.png
1636273836620038190,1636273836620038190.png
1636273836688099082,1636273836688099082.png
1636273836757030350,1636273836757030350.png
1636273836823042388,1636273836823042388.png
1636273836889036563,1636273836889036563.png
1636273836958030679,1636273836958030679.png
1636273837024060198,1636273837024060198.png
1636273837091066525,1636273837091066525.png
1636273837156078672,1636273837156078672.png
1636273837223037551,1636273837223037551.png
1636273837291035880,1636273837291035880.png
1636273837355036894,1636273837355036894.png
1636273837423037075,1636273837423037075.png
1636273837489041988,1636273837489041988.png
1636273837556035192,1636273837556035192.png
1636273837624060371,1636273837624060371.png
1636273837691040175,1636273837691040175.png
1636273837757038788,1636273837757038788.png
1636273837824038421,1636273837824038421.png
1636273837891041083,1636273837891041083.png
1636273837954059931,1636273837954059931.png
1636273838024049138,1636273838024049138.png
1636273838094042979,1636273838094042979.png
1636273838160039481,1636273838160039481.png
1636273838223041538,1636273838223041538.png
1636273838293044658,1636273838293044658.png
1636273838356041081,1636273838356041081.png
1636273838422042881,1636273838422042881.png
1636273838493073557,1636273838493073557.png
1636273838559072751,1636273838559072751.png
1636273838623058619,1636273838623058619.png
1636273838692037978,1636273838692037978.png
1636273838756076263,1636273838756076263.png
1636273838824050384,1636273838824050384.png
1636273838889044749,1636273838889044749.png
1636273838954043053,1636273838954043053.png
1636273839026048864,1636273839026048864.png
1636273839091043010,1636273839091043010.png
1636273839160041958,1636273839160041958.png
1636273839225046521,1636273839225046521.png
1636273839291045161,1636273839291045161.png
1636273839357047049,1636273839357047049.png
1636273839426047469,1636273839426047469.png
1636273839492069107,1636273839492069107.png
1636273839562083117,1636273839562083117.png
1636273839624044418,1636273839624044418.png
1636273839692079144,1636273839692079144.png
1636273839758049318,1636273839758049318.png
1636273839826098493,1636273839826098493.png
1636273839892044228,1636273839892044228.png
1636273839959076523,1636273839959076523.png
1636273840027046368,1636273840027046368.png
1636273840096045250,1636273840096045250.png
1636273840161047201,1636273840161047201.png
1636273840229070134,1636273840229070134.png
1636273840294081878,1636273840294081878.png
1636273840361050600,1636273840361050600.png
1636273840425046923,1636273840425046923.png
1636273840493053591,1636273840493053591.png
1636273840562085845,1636273840562085845.png
1636273840629054652,1636273840629054652.png
1636273840696051164,1636273840696051164.png
1636273840761047337,1636273840761047337.png
1636273840829050611,1636273840829050611.png
1636273840893052705,1636273840893052705.png
1636273840962054849,1636273840962054849.png
1636273841030084000,1636273841030084000.png
1636273841097052501,1636273841097052501.png
1636273841164050439,1636273841164050439.png
1636273841228079753,1636273841228079753.png
1636273841295081296,1636273841295081296.png
1636273841361054605,1636273841361054605.png
1636273841428070747,1636273841428070747.png
1636273841494085590,1636273841494085590.png
1636273841561084446,1636273841561084446.png
1636273841630079952,1636273841630079952.png
1636273841698056733,1636273841698056733.png
1636273841761073587,1636273841761073587.png
1636273841831125075,1636273841831125075.png
1636273841897075542,1636273841897075542.png
1636273841964058172,1636273841964058172.png
1636273842029055050,1636273842029055050.png
1636273842095059822,1636273842095059822.png
1636273842164058410,1636273842164058410.png
1636273842231088278,1636273842231088278.png
1636273842298077230,1636273842298077230.png
1636273842366110758,1636273842366110758.png
1636273842431062186,1636273842431062186.png
1636273842497055119,1636273842497055119.png
1636273842564082645,1636273842564082645.png
1636273842630060293,1636273842630060293.png
1636273842700056613,1636273842700056613.png
1636273842764057132,1636273842764057132.png
1636273842830129956,1636273842830129956.png
1636273842900059060,1636273842900059060.png
1636273842966057005,1636273842966057005.png
1636273843033057075,1636273843033057075.png
1636273843098064762,1636273843098064762.png
1636273843165079021,1636273843165079021.png
1636273843233092298,1636273843233092298.png
1636273843296085476,1636273843296085476.png
1636273843365061303,1636273843365061303.png
1636273843433100585,1636273843433100585.png
1636273843496061089,1636273843496061089.png
1636273843565069427,1636273843565069427.png
1636273843632064414,1636273843632064414.png
1636273843699095867,1636273843699095867.png
1636273843767095247,1636273843767095247.png
1636273843836070432,1636273843836070432.png
1636273843903058942,1636273843903058942.png
1636273843965060910,1636273843965060910.png
1636273844033090902,1636273844033090902.png
1636273844099095619,1636273844099095619.png
1636273844168062293,1636273844168062293.png
1636273844237122365,1636273844237122365.png
1636273844299087778,1636273844299087778.png
1636273844369095824,1636273844369095824.png
1636273844435065286,1636273844435065286.png
1636273844501095986,1636273844501095986.png
1636273844569063856,1636273844569063856.png
1636273844634089604,1636273844634089604.png
1636273844702089173,1636273844702089173.png
1636273844768107884,1636273844768107884.png
1636273844835107943,1636273844835107943.png
1636273844898069157,1636273844898069157.png
1636273844968062418,1636273844968062418.png
1636273845033064632,1636273845033064632.png
1636273845102071565,1636273845102071565.png
1636273845169065333,1636273845169065333.png
1636273845235066862,1636273845235066862.png
1636273845302064041,1636273845302064041.png
1636273845371071858,1636273845371071858.png
1636273845434106288,1636273845434106288.png
1636273845502067075,1636273845502067075.png
1636273845569068500,1636273845569068500.png
1636273845637076785,1636273845637076785.png
1636273845706081217,1636273845706081217.png
1636273845773068488,1636273845773068488.png
1636273845835068397,1636273845835068397.png
1636273845901094969,1636273845901094969.png
1636273845967067496,1636273845967067496.png
1636273846037071113,1636273846037071113.png
1636273846101072683,1636273846101072683.png
1636273846171072176,1636273846171072176.png
1636273846239126141,1636273846239126141.png
1636273846306100346,1636273846306100346.png
1636273846372076922,1636273846372076922.png
1636273846439074868,1636273846439074868.png
1636273846500126846,1636273846500126846.png
1636273846570136022,1636273846570136022.png
1636273846636106786,1636273846636106786.png
1636273846705117034,1636273846705117034.png
1636273846775070841,1636273846775070841.png
1636273846840115789,1636273846840115789.png
1636273846902175054,1636273846902175054.png
1636273846969097661,1636273846969097661.png
1636273847036098685,1636273847036098685.png
1636273847106108272,1636273847106108272.png
1636273847171097000,1636273847171097000.png
1636273847240080999,1636273847240080999.png
1636273847307084048,1636273847307084048.png
1636273847375106349,1636273847375106349.png
1636273847437079502,1636273847437079502.png
1636273847507073311,1636273847507073311.png
1636273847572084369,1636273847572084369.png
1636273847637082874,1636273847637082874.png
1636273847708104647,1636273847708104647.png
1636273847773081892,1636273847773081892.png
1636273847841130346,1636273847841130346.png
1636273847907080837,1636273847907080837.png
1636273847972096466,1636273847972096466.png
1636273848041079148,1636273848041079148.png
1636273848110080354,1636273848110080354.png
1636273848173085054,1636273848173085054.png
1636273848241072944,1636273848241072944.png
1636273848307097151,1636273848307097151.png
1636273848373083554,1636273848373083554.png
1636273848440138081,1636273848440138081.png
1636273848507085172,1636273848507085172.png
1636273848572081011,1636273848572081011.png
1636273848642077892,1636273848642077892.png
1636273848706106776,1636273848706106776.png
1636273848773083419,1636273848773083419.png
1636273848839084031,1636273848839084031.png
1636273848906085312,1636273848906085312.png
1636273848973090809,1636273848973090809.png
1636273849041096101,1636273849041096101.png
1636273849108207351,1636273849108207351.png
1636273849175318601,1636273849175318601.png
1636273849243696101,1636273849243696101.png
1636273849312072588,1636273849312072588.png
1636273849375385088,1636273849375385088.png
1636273849442496338,1636273849442496338.png
1636273849512140088,1636273849512140088.png
1636273849576718838,1636273849576718838.png
1636273849645096338,1636273849645096338.png
1636273849713472825,1636273849713472825.png
1636273849775519075,1636273849775519075.png
1636273849845162825,1636273849845162825.png
1636273849913540325,1636273849913540325.png
1636273849978119075,1636273849978119075.png
1636273850043964075,1636273850043964075.png
1636273850116140325,1636273850116140325.png
1636273850181985325,1636273850181985325.png
1636273850245297825,1636273850245297825.png
1636273850311142825,1636273850311142825.png
1636273850380786575,1636273850380786575.png
1636273850446631575,1636273850446631575.png
1636273850512476575,1636273850512476575.png
1636273850582120325,1636273850582120325.png
1636273850647965325,1636273850647965325.png
1636273850713810325,1636273850713810325.png
1636273850780921575,1636273850780921575.png
1636273850848032825,1636273850848032825.png
1636273850913877825,1636273850913877825.png
1636273850978456575,1636273850978456575.png
1636273851045567825,1636273851045567825.png
1636273851113945325,1636273851113945325.png
1636273851177257825,1636273851177257825.png
1636273851246901575,1636273851246901575.png
1636273851312746575,1636273851312746575.png
1636273851379857825,1636273851379857825.png
1636273851448234312,1636273851448234312.png
1636273851515344549,1636273851515344549.png
1636273851583722049,1636273851583722049.png
1636273851648300799,1636273851648300799.png
1636273851715412049,1636273851715412049.png
1636273851777458299,1636273851777458299.png
1636273851848368299,1636273851848368299.png
1636273851912946036,1636273851912946036.png
1636273851982588773,1636273851982588773.png
1636273852047167523,1636273852047167523.png
1636273852115545023,1636273852115545023.png
1636273852178857523,1636273852178857523.png
1636273852249767523,1636273852249767523.png
1636273852313080023,1636273852313080023.png
1636273852382723773,1636273852382723773.png
1636273852447302523,1636273852447302523.png
1636273852515680023,1636273852515680023.png
1636273852582791273,1636273852582791273.png
1636273852646103773,1636273852646103773.png
1636273852713215023,1636273852713215023.png
1636273852779060023,1636273852779060023.png
1636273852846171273,1636273852846171273.png
1636273852913282523,1636273852913282523.png
1636273852980393773,1636273852980393773.png
1636273853046237760,1636273853046237760.png
1636273853113349010,1636273853113349010.png
1636273853182992760,1636273853182992760.png
1636273853248837760,1636273853248837760.png
1636273853314682760,1636273853314682760.png
1636273853381794010,1636273853381794010.png
1636273853447637997,1636273853447637997.png
1636273853514749247,1636273853514749247.png
1636273853578061747,1636273853578061747.png
1636273853651504247,1636273853651504247.png
1636273853718615497,1636273853718615497.png
1636273853781927997,1636273853781927997.png
1636273853850305497,1636273853850305497.png
1636273853913617997,1636273853913617997.png
1636273853984527997,1636273853984527997.png
1636273854050372997,1636273854050372997.png
1636273854114951747,1636273854114951747.png
1636273854180796747,1636273854180796747.png
1636273854249174247,1636273854249174247.png
1636273854317551747,1636273854317551747.png
1636273854384662997,1636273854384662997.png
1636273854450507997,1636273854450507997.png
1636273854517619247,1636273854517619247.png
1636273854582197997,1636273854582197997.png
1636273854650575497,1636273854650575497.png
1636273854717686747,1636273854717686747.png
1636273854784797997,1636273854784797997.png
1636273854854441747,1636273854854441747.png
1636273854917754247,1636273854917754247.png
1636273854988664247,1636273854988664247.png
1636273855049444247,1636273855049444247.png
1636273855117821747,1636273855117821747.png
1636273855184932997,1636273855184932997.png
1636273855254576747,1636273855254576747.png
1636273855319155497,1636273855319155497.png
1636273855385000497,1636273855385000497.png
1636273855453377997,1636273855453377997.png
1636273855517956747,1636273855517956747.png
1636273855585067997,1636273855585067997.png
1636273855650912997,1636273855650912997.png
1636273855720556747,1636273855720556747.png
1636273855786401747,1636273855786401747.png
1636273855853512997,1636273855853512997.png
1636273855919357997,1636273855919357997.png
1636273855986469247,1636273855986469247.png
1636273856052314247,1636273856052314247.png
1636273856121956984,1636273856121956984.png
1636273856189068234,1636273856189068234.png
1636273856254912221,1636273856254912221.png
1636273856322023471,1636273856322023471.png
1636273856387868471,1636273856387868471.png
1636273856452447221,1636273856452447221.png
1636273856519558471,1636273856519558471.png
1636273856586669721,1636273856586669721.png
1636273856656313471,1636273856656313471.png
1636273856720892221,1636273856720892221.png
1636273856789269721,1636273856789269721.png
1636273856855114721,1636273856855114721.png
1636273856919693471,1636273856919693471.png
1636273856989337221,1636273856989337221.png
1636273857053915971,1636273857053915971.png
1636273857121027221,1636273857121027221.png
1636273857189404721,1636273857189404721.png
1636273857253982458,1636273857253982458.png
1636273857319827458,1636273857319827458.png
1636273857388204958,1636273857388204958.png
1636273857454049958,1636273857454049958.png
1636273857521161208,1636273857521161208.png
1636273857589538708,1636273857589538708.png
1636273857655383708,1636273857655383708.png
1636273857723761208,1636273857723761208.png
1636273857792138708,1636273857792138708.png
1636273857855451208,1636273857855451208.png
1636273857923827695,1636273857923827695.png
1636273857992205195,1636273857992205195.png
1636273858055516682,1636273858055516682.png
1636273858122627932,1636273858122627932.png
1636273858192271682,1636273858192271682.png
1636273858255584182,1636273858255584182.png
1636273858325227932,1636273858325227932.png
1636273858387274182,1636273858387274182.png
1636273858458184182,1636273858458184182.png
1636273858525295432,1636273858525295432.png
1636273858592406682,1636273858592406682.png
1636273858658251682,1636273858658251682.png
1636273858726629182,1636273858726629182.png
1636273858859585432,1636273858859585432.png
1636273858922897932,1636273858922897932.png
1636273858990009182,1636273858990009182.png
1636273859055853169,1636273859055853169.png
1636273859126763169,1636273859126763169.png
1636273859192607156,1636273859192607156.png
1636273859259718406,1636273859259718406.png
1636273859325563406,1636273859325563406.png
1636273859391408406,1636273859391408406.png
1636273859458519656,1636273859458519656.png
1636273859524364656,1636273859524364656.png
1636273859590209656,1636273859590209656.png
1636273859657320906,1636273859657320906.png
1636273859726964656,1636273859726964656.png
1636273859794075906,1636273859794075906.png
1636273859861187156,1636273859861187156.png
1636273859925765906,1636273859925765906.png
1636273859995409656,1636273859995409656.png
1636273860057455906,1636273860057455906.png
1636273860127099656,1636273860127099656.png
1636273860192944656,1636273860192944656.png
1636273860262588406,1636273860262588406.png
1636273860327167156,1636273860327167156.png
1636273860394277393,1636273860394277393.png
1636273860458856143,1636273860458856143.png
1636273860525967393,1636273860525967393.png
1636273860593077630,1636273860593077630.png
1636273860658922630,1636273860658922630.png
1636273860726033880,1636273860726033880.png
1636273860795677630,1636273860795677630.png
1636273860858989117,1636273860858989117.png
1636273860927365604,1636273860927365604.png
1636273860993210604,1636273860993210604.png
1636273861062853341,1636273861062853341.png
1636273861128698341,1636273861128698341.png
1636273861197075841,1636273861197075841.png
1636273861260388341,1636273861260388341.png
1636273861330032091,1636273861330032091.png
1636273861395877091,1636273861395877091.png
1636273861461722091,1636273861461722091.png
1636273861528833341,1636273861528833341.png
1636273861592145841,1636273861592145841.png
1636273861663055841,1636273861663055841.png
1636273861728900841,1636273861728900841.png
1636273861794745841,1636273861794745841.png
1636273861864389591,1636273861864389591.png
1636273861930234591,1636273861930234591.png
1636273861993547091,1636273861993547091.png
1636273862065723341,1636273862065723341.png
1636273862129035841,1636273862129035841.png
1636273862197413341,1636273862197413341.png
1636273862264524591,1636273862264524591.png
1636273862327837091,1636273862327837091.png
1636273862394947328,1636273862394947328.png
1636273862463324828,1636273862463324828.png
1636273862531701315,1636273862531701315.png
1636273862595012802,1636273862595012802.png
1636273862664656552,1636273862664656552.png
1636273862727969052,1636273862727969052.png
1636273862796346552,1636273862796346552.png
1636273862863457802,1636273862863457802.png
1636273862930568039,1636273862930568039.png
1636273862998945539,1636273862998945539.png
1636273863063524289,1636273863063524289.png
1636273863128103039,1636273863128103039.png
1636273863196480539,1636273863196480539.png
1636273863264858039,1636273863264858039.png
1636273863333235539,1636273863333235539.png
1636273863399080539,1636273863399080539.png
1636273863464925539,1636273863464925539.png
1636273863533303039,1636273863533303039.png
1636273863596615539,1636273863596615539.png
1636273863662460539,1636273863662460539.png
1636273863732104289,1636273863732104289.png
1636273863800481789,1636273863800481789.png
1636273863863794289,1636273863863794289.png
1636273863934704289,1636273863934704289.png
1636273863996750539,1636273863996750539.png
1636273864062595539,1636273864062595539.png
1636273864133505539,1636273864133505539.png
1636273864198084289,1636273864198084289.png
1636273864265195539,1636273864265195539.png
1636273864333573039,1636273864333573039.png
1636273864398151789,1636273864398151789.png
1636273864466529289,1636273864466529289.png
1636273864532374289,1636273864532374289.png
1636273864598219289,1636273864598219289.png
1636273864665330539,1636273864665330539.png
1636273864732441789,1636273864732441789.png
1636273864797020539,1636273864797020539.png
1636273864864131789,1636273864864131789.png
1636273864932509289,1636273864932509289.png
1636273864999620539,1636273864999620539.png
1636273865069264289,1636273865069264289.png
1636273865135109289,1636273865135109289.png
1636273865199688039,1636273865199688039.png
1636273865269331789,1636273865269331789.png
1636273865330111789,1636273865330111789.png
1636273865398488276,1636273865398488276.png
1636273865468132026,1636273865468132026.png
1636273865533977026,1636273865533977026.png
1636273865603620776,1636273865603620776.png
1636273865669465776,1636273865669465776.png
1636273865736577026,1636273865736577026.png
1636273865801155776,1636273865801155776.png
1636273865867000776,1636273865867000776.png
1636273865934112026,1636273865934112026.png
1636273866002489526,1636273866002489526.png
1636273866068334526,1636273866068334526.png
1636273866135445776,1636273866135445776.png
1636273866201290776,1636273866201290776.png
1636273866268400000,1636273866268400000.png
1636273866336777500,1636273866336777500.png
1636273866401356250,1636273866401356250.png
1636273866467201250,1636273866467201250.png
1636273866538111250,1636273866538111250.png
1636273866605222500,1636273866605222500.png
1636273866669801250,1636273866669801250.png
1636273866734380000,1636273866734380000.png
1636273866800225000,1636273866800225000.png
1636273866869868750,1636273866869868750.png
1636273866936980000,1636273866936980000.png
1636273867004091250,1636273867004091250.png
1636273867068670000,1636273867068670000.png
1636273867134515000,1636273867134515000.png
1636273867201626250,1636273867201626250.png
1636273867266205000,1636273867266205000.png
1636273867337115000,1636273867337115000.png
1636273867404225237,1636273867404225237.png
1636273867468803987,1636273867468803987.png
1636273867537181487,1636273867537181487.png
1636273867604291724,1636273867604291724.png
1636273867670136724,1636273867670136724.png
1636273867737247974,1636273867737247974.png
1636273867803092974,1636273867803092974.png
1636273867872736724,1636273867872736724.png
1636273867937315474,1636273867937315474.png
1636273868003160474,1636273868003160474.png
1636273868074070474,1636273868074070474.png
1636273868136116724,1636273868136116724.png
1636273868203227974,1636273868203227974.png
1636273868270339224,1636273868270339224.png
1636273868334917974,1636273868334917974.png
1636273868407094224,1636273868407094224.png
1636273868470406724,1636273868470406724.png
1636273868537516961,1636273868537516961.png
1636273868604628211,1636273868604628211.png
1636273868673005711,1636273868673005711.png
1636273868741383211,1636273868741383211.png
1636273868808494461,1636273868808494461.png
1636273868873073211,1636273868873073211.png
1636273868938918211,1636273868938918211.png
1636273869009826185,1636273869009826185.png
1636273869071872435,1636273869071872435.png
1636273869142782435,1636273869142782435.png
1636273869207361185,1636273869207361185.png
1636273869274472435,1636273869274472435.png
1636273869340317435,1636273869340317435.png
1636273869409961185,1636273869409961185.png
1636273869474539935,1636273869474539935.png
1636273869542917435,1636273869542917435.png
1636273869606229935,1636273869606229935.png
1636273869675873685,1636273869675873685.png
1636273869742984935,1636273869742984935.png
1636273869810096185,1636273869810096185.png
1636273869875941185,1636273869875941185.png
1636273869941786185,1636273869941786185.png
1636273870010163685,1636273870010163685.png
1636273870072209935,1636273870072209935.png
1636273870138054935,1636273870138054935.png
1636273870205166185,1636273870205166185.png
1636273870274809935,1636273870274809935.png
1636273870344453685,1636273870344453685.png
1636273870407766185,1636273870407766185.png
1636273870474877435,1636273870474877435.png
1636273870543254935,1636273870543254935.png
1636273870607833685,1636273870607833685.png
1636273870678742672,1636273870678742672.png
1636273870743321422,1636273870743321422.png
1636273870810431659,1636273870810431659.png
1636273870873744159,1636273870873744159.png
1636273870940855409,1636273870940855409.png
1636273871009231896,1636273871009231896.png
1636273871076342133,1636273871076342133.png
1636273871143453383,1636273871143453383.png
1636273871206765883,1636273871206765883.png
1636273871273877133,1636273871273877133.png
1636273871344787133,1636273871344787133.png
1636273871406833383,1636273871406833383.png
1636273871476477133,1636273871476477133.png
1636273871541055883,1636273871541055883.png
1636273871609433383,1636273871609433383.png
1636273871677810883,1636273871677810883.png
1636273871741123383,1636273871741123383.png
1636273871808234633,1636273871808234633.png
1636273871875345883,1636273871875345883.png
1636273871942457133,1636273871942457133.png
1636273872009568383,1636273872009568383.png
1636273872076679633,1636273872076679633.png
1636273872143790883,1636273872143790883.png
1636273872209635883,1636273872209635883.png
1636273872278013383,1636273872278013383.png
1636273872342592133,1636273872342592133.png
1636273872409702370,1636273872409702370.png
1636273872476813620,1636273872476813620.png
1636273872545191120,1636273872545191120.png
1636273872608503620,1636273872608503620.png
1636273872676880107,1636273872676880107.png
1636273872745257607,1636273872745257607.png
1636273872812368857,1636273872812368857.png
1636273872875681357,1636273872875681357.png
1636273872946591357,1636273872946591357.png
1636273873011170107,1636273873011170107.png
1636273873075748857,1636273873075748857.png
1636273873144126357,1636273873144126357.png
1636273873211237607,1636273873211237607.png
1636273873278348857,1636273873278348857.png
1636273873344193857,1636273873344193857.png
1636273873412571357,1636273873412571357.png
1636273873478416357,1636273873478416357.png
1636273873544261357,1636273873544261357.png
1636273873611372607,1636273873611372607.png
1636273873677217607,1636273873677217607.png
1636273873745595107,1636273873745595107.png
1636273873811440107,1636273873811440107.png
1636273873878551357,1636273873878551357.png
1636273873946928857,1636273873946928857.png
1636273874011507607,1636273874011507607.png
1636273874077352607,1636273874077352607.png
1636273874146996357,1636273874146996357.png
1636273874211575107,1636273874211575107.png
1636273874278686357,1636273874278686357.png
1636273874347062844,1636273874347062844.png
1636273874415440344,1636273874415440344.png
1636273874480019094,1636273874480019094.png
1636273874545864094,1636273874545864094.png
1636273874614241594,1636273874614241594.png
1636273874681351831,1636273874681351831.png
1636273874748463081,1636273874748463081.png
1636273874814308081,1636273874814308081.png
1636273874880153081,1636273874880153081.png
1636273874947264331,1636273874947264331.png
1636273875014375581,1636273875014375581.png
1636273875081486831,1636273875081486831.png
1636273875147331831,1636273875147331831.png
1636273875215709331,1636273875215709331.png
1636273875280288081,1636273875280288081.png
1636273875346133081,1636273875346133081.png
1636273875415776831,1636273875415776831.png
1636273875480355581,1636273875480355581.png
1636273875546200581,1636273875546200581.png
1636273875614578081,1636273875614578081.png
1636273875680423081,1636273875680423081.png
1636273875748800581,1636273875748800581.png
1636273875817178081,1636273875817178081.png
1636273875883023081,1636273875883023081.png
1636273875950134331,1636273875950134331.png
1636273876017245581,1636273876017245581.png
1636273876081824331,1636273876081824331.png
1636273876150201831,1636273876150201831.png
1636273876214780581,1636273876214780581.png
1636273876284424331,1636273876284424331.png
1636273876350269331,1636273876350269331.png
1636273876416114331,1636273876416114331.png
1636273876484491831,1636273876484491831.png
1636273876551603081,1636273876551603081.png
1636273876616181831,1636273876616181831.png
1636273876680760581,1636273876680760581.png
1636273876749138081,1636273876749138081.png
1636273876814982068,1636273876814982068.png
1636273876883359568,1636273876883359568.png
1636273876951737068,1636273876951737068.png
1636273877013783318,1636273877013783318.png
1636273877083426055,1636273877083426055.png
1636273877150537305,1636273877150537305.png
1636273877217648555,1636273877217648555.png
1636273877284759805,1636273877284759805.png
1636273877353137305,1636273877353137305.png
1636273877418982305,1636273877418982305.png
1636273877483561055,1636273877483561055.png
1636273877551938555,1636273877551938555.png
1636273877617783555,1636273877617783555.png
1636273877684894805,1636273877684894805.png
1636273877750738792,1636273877750738792.png
1636273877819116292,1636273877819116292.png
1636273877884961292,1636273877884961292.png
1636273877950806292,1636273877950806292.png
